attendance,home_team_name,away_team_name,referee,Game Week,Pre-Match PPG (Home),Pre-Match PPG (Away),home_ppg,away_ppg,home_team_goal_count,away_team_goal_count,Result,Home Team Pre-Match xG,Away Team Pre-Match xG
74439,Manchester United,Leicester City,Andre Marriner,1,0.00,0.00,1.89,1.32,2,1,0,0.00,0.00
51749,Newcastle United,Tottenham Hotspur,Martin Atkinson,1,0.00,0.00,1.32,1.74,1,2,1,0.00,0.00
10353,AFC Bournemouth,Cardiff City,Kevin Friend,1,0.00,0.00,1.53,0.74,2,0,0,0.00,0.00
24821,Fulham,Crystal Palace,Mike Dean,1,0.00,0.00,1.11,1.53,0,2,1,0.00,0.00
24121,Huddersfield Town,Chelsea,Chris Kavanagh,1,0.00,0.00,0.47,1.58,0,3,1,0.00,0.00
20051,Watford,Brighton & Hove Albion,Jonathan Moss,1,0.00,0.00,1.42,0.68,2,0,0,0.00,0.00
31231,Wolverhampton Wanderers,Everton,Craig Pawson,1,0.00,0.00,1.79,1.05,2,2,2,0.00,0.00
53235,Liverpool,West Ham United,Anthony Taylor,1,0.00,0.00,2.79,1.11,4,0,0,0.00,0.00
30784,Southampton,Burnley,Graham Scott,1,0.00,0.00,1.21,0.89,0,0,2,0.00,0.00
59934,Arsenal,Manchester City,Michael Oliver,1,0.00,0.00,2.37,2.32,0,2,1,0.00,0.00
30720,Cardiff City,Newcastle United,Craig Pawson,2,0.00,0.00,1.05,1.05,0,0,2,0.00,0.00
38601,Everton,Southampton,Lee Mason,2,0.00,0.00,1.79,0.84,2,1,0,0.00,0.00
32043,Leicester City,Wolverhampton Wanderers,Mike Dean,2,0.00,0.00,1.42,1.21,2,0,0,0.00,0.00
58297,Tottenham Hotspur,Fulham,Anthony Taylor,2,0.00,0.00,2.00,0.26,3,1,0,0.00,0.00
56888,West Ham United,AFC Bournemouth,Stuart Attwell,2,0.00,0.00,1.63,0.84,1,2,1,0.00,0.00
40491,Chelsea,Arsenal,Martin Atkinson,2,0.00,0.00,2.21,1.32,3,2,0,0.00,0.00
18822,Burnley,Watford,Paul Tierney,2,0.00,0.00,1.21,1.21,1,3,1,0.00,0.00
54021,Manchester City,Huddersfield Town,Andre Marriner,2,0.00,0.00,2.84,0.37,6,1,0,0.00,0.00
30592,Brighton & Hove Albion,Manchester United,Kevin Friend,2,0.00,0.00,1.21,1.58,3,2,0,0.00,0.00
25750,Crystal Palace,Liverpool,Michael Oliver,2,0.00,0.00,1.05,2.32,0,2,1,0.00,0.00
31222,Wolverhampton Wanderers,Manchester City,Martin Atkinson,3,1.00,3.00,1.79,2.32,1,1,2,1.41,1.91
10654,AFC Bournemouth,Everton,Lee Probert,3,3.00,1.00,1.53,1.05,2,2,2,1.50,1.34
59830,Arsenal,West Ham United,Graham Scott,3,0.00,0.00,2.37,1.11,3,1,0,1.11,0.75
21193,Huddersfield Town,Cardiff City,Michael Oliver,3,0.00,0.00,0.47,0.74,0,0,2,0.90,0.89
29925,Southampton,Leicester City,Jonathan Moss,3,1.00,0.00,1.21,1.32,1,2,1,1.29,1.46
53294,Liverpool,Brighton & Hove Albion,Chris Kavanagh,3,3.00,0.00,2.79,0.68,1,0,0,2.12,0.65
20014,Watford,Crystal Palace,Anthony Taylor,3,3.00,3.00,1.42,1.53,2,1,0,1.78,1.81
23438,Fulham,Burnley,David Coote,3,0.00,1.00,1.11,0.89,4,2,0,1.67,1.69
51791,Newcastle United,Chelsea,Paul Tierney,3,0.00,3.00,1.32,1.58,1,2,1,1.18,1.17
74400,Manchester United,Tottenham Hotspur,Craig Pawson,3,3.00,3.00,1.89,1.74,0,3,1,1.25,1.58
32149,Leicester City,Liverpool,Paul Tierney,4,3.00,3.00,1.42,2.32,1,2,1,0.81,1.70
30526,Brighton & Hove Albion,Fulham,Lee Probert,4,3.00,0.00,1.21,0.26,2,2,2,0.97,1.04
40178,Chelsea,AFC Bournemouth,Lee Mason,4,3.00,3.00,2.21,0.84,2,0,0,2.47,1.31
25495,Crystal Palace,Southampton,Martin Atkinson,4,0.00,0.00,1.05,0.84,0,2,1,1.03,1.33
38767,Everton,Huddersfield Town,Stuart Attwell,4,3.00,0.00,1.79,0.37,1,1,2,1.69,0.59
59947,West Ham United,Wolverhampton Wanderers,Chris Kavanagh,4,0.00,0.00,1.63,1.21,0,1,1,1.39,1.53
53946,Manchester City,Newcastle United,Kevin Friend,4,3.00,1.00,2.84,1.05,2,1,0,3.23,1.22
32316,Cardiff City,Arsenal,Anthony Taylor,4,1.00,0.00,1.05,1.32,2,3,1,1.03,1.61
21525,Burnley,Manchester United,Jonathan Moss,4,0.00,0.00,1.21,1.58,0,2,1,1.09,1.06
20141,Watford,Tottenham Hotspur,Andre Marriner,4,3.00,3.00,1.42,1.74,2,1,0,1.64,1.34
80188,Tottenham Hotspur,Liverpool,Michael Oliver,5,3.00,3.00,2.00,2.32,1,2,1,2.75,1.46
10543,AFC Bournemouth,Leicester City,Craig Pawson,5,2.00,1.50,1.53,1.32,4,2,0,1.63,1.35
40499,Chelsea,Cardiff City,Jonathan Moss,5,3.00,0.50,2.21,0.74,4,1,0,2.16,1.18
23696,Huddersfield Town,Crystal Palace,Lee Mason,5,0.50,1.50,0.47,1.53,0,1,1,0.83,1.51
53307,Manchester City,Fulham,Stuart Attwell,5,3.00,0.50,2.84,0.26,3,0,0,2.79,1.13
52165,Newcastle United,Arsenal,Lee Probert,5,0.00,1.50,1.32,1.32,1,2,1,0.93,1.98
20537,Watford,Manchester United,Mike Dean,5,3.00,1.50,1.42,1.58,1,2,1,1.47,1.56
30406,Wolverhampton Wanderers,Burnley,Andre Marriner,5,1.00,0.50,1.79,0.89,1,0,0,1.18,1.38
39161,Everton,West Ham United,Martin Atkinson,5,2.00,0.00,1.79,1.11,1,3,1,1.38,1.10
27742,Southampton,Brighton & Hove Albion,Anthony Taylor,5,0.50,0.00,1.21,0.68,2,2,2,1.42,0.71
23418,Fulham,Watford,Martin Atkinson,6,1.50,3.00,1.11,1.21,1,1,2,2.16,1.25
18636,Burnley,AFC Bournemouth,Anthony Taylor,6,0.00,1.50,1.21,0.84,4,0,0,1.11,1.16
32321,Cardiff City,Manchester City,Michael Oliver,6,0.50,2.00,1.05,2.32,0,5,1,1.26,1.88
25679,Crystal Palace,Newcastle United,Andre Marriner,6,0.00,0.50,1.05,1.05,0,0,2,1.43,0.92
31676,Leicester City,Huddersfield Town,David Coote,6,1.50,0.50,1.42,0.37,3,1,0,1.10,0.96
50965,Liverpool,Southampton,Paul Tierney,6,3.00,1.50,2.79,0.84,3,0,0,2.19,1.50
74489,Manchester United,Wolverhampton Wanderers,Kevin Friend,6,1.50,1.50,1.89,1.21,1,1,2,1.63,1.64
30531,Brighton & Hove Albion,Tottenham Hotspur,Chris Kavanagh,6,2.00,2.00,1.21,1.74,1,2,1,1.33,1.38
56875,West Ham United,Chelsea,Mike Dean,6,0.00,3.00,1.63,1.58,0,0,2,1.35,1.43
59964,Arsenal,Everton,Jonathan Moss,6,1.50,1.00,2.37,1.05,2,0,0,1.56,1.25
56938,West Ham United,Manchester United,Michael Oliver,7,0.33,2.00,1.63,1.58,3,1,0,1.14,1.50
60019,Arsenal,Watford,Anthony Taylor,7,2.00,2.00,2.37,1.21,2,0,0,1.47,1.40
38788,Everton,Fulham,Roger East,7,1.33,0.33,1.79,0.26,3,0,0,1.42,1.11
23885,Huddersfield Town,Tottenham Hotspur,Craig Pawson,7,0.33,2.25,0.47,1.74,0,2,1,1.03,1.46
54152,Manchester City,Brighton & Hove Albion,Lee Mason,7,3.00,0.33,2.84,0.68,2,0,0,2.66,0.89
51523,Newcastle United,Leicester City,Simon Hooper,7,0.00,1.00,1.32,1.32,0,2,1,0.85,1.51
31147,Wolverhampton Wanderers,Southampton,Stuart Attwell,7,1.67,1.00,1.79,0.84,2,0,0,1.59,1.20
40625,Chelsea,Liverpool,Andre Marriner,7,3.00,3.00,2.21,2.32,1,1,2,2.06,1.61
30411,Cardiff City,Burnley,Martin Atkinson,7,0.33,0.33,1.05,0.89,1,2,1,1.02,1.24
10199,AFC Bournemouth,Crystal Palace,Mike Dean,7,2.33,2.00,1.53,1.53,2,1,0,1.47,1.24
30544,Brighton & Hove Albion,West Ham United,Kevin Friend,8,1.33,1.00,1.21,1.11,1,0,0,1.24,1.11
20533,Burnley,Huddersfield Town,Chris Kavanagh,8,1.00,0.33,1.21,0.37,1,1,2,1.15,0.95
25715,Crystal Palace,Wolverhampton Wanderers,Michael Oliver,8,0.33,1.33,1.05,1.21,0,1,1,1.48,1.66
32007,Leicester City,Everton,Andre Marriner,8,2.00,0.67,1.42,1.05,1,2,1,1.37,1.32
43268,Tottenham Hotspur,Cardiff City,Mike Dean,8,1.50,0.33,2.00,0.74,1,0,0,1.89,1.09
20139,Watford,AFC Bournemouth,Jonathan Moss,8,2.25,1.00,1.42,0.84,0,4,1,1.45,1.31
74519,Manchester United,Newcastle United,Anthony Taylor,8,1.33,0.67,1.89,1.05,3,2,0,1.61,0.93
25401,Fulham,Arsenal,Paul Tierney,8,1.33,2.00,1.11,1.32,1,5,1,1.86,1.68
27077,Southampton,Chelsea,Craig Pawson,8,0.67,2.33,1.21,1.58,0,3,1,1.45,1.59
52117,Liverpool,Manchester City,Martin Atkinson,8,3.00,2.33,2.79,2.32,0,0,2,1.93,1.96
40721,Chelsea,Manchester United,Mike Dean,9,2.50,1.50,2.21,1.58,2,2,2,1.84,1.42
10986,AFC Bournemouth,Southampton,Lee Probert,9,2.50,0.75,1.53,0.84,0,0,2,1.45,1.27
29681,Cardiff City,Fulham,Kevin Friend,9,0.25,0.25,1.05,0.26,4,2,0,1.25,0.99
54094,Manchester City,Burnley,Jonathan Moss,9,3.00,1.00,2.84,0.89,5,0,0,2.68,1.11
50329,Newcastle United,Brighton & Hove Albion,Andre Marriner,9,0.00,0.25,1.32,0.68,0,1,1,0.82,0.78
56921,West Ham United,Tottenham Hotspur,Martin Atkinson,9,1.00,2.40,1.63,1.74,0,1,1,1.14,1.45
31144,Wolverhampton Wanderers,Watford,Lee Mason,9,2.00,1.33,1.79,1.21,0,2,1,1.59,1.45
24263,Huddersfield Town,Liverpool,Michael Oliver,9,0.25,2.50,0.47,2.32,0,1,1,1.12,1.65
38668,Everton,Crystal Palace,Anthony Taylor,9,1.75,1.50,1.79,1.53,2,0,0,1.48,1.19
59886,Arsenal,Leicester City,Chris Kavanagh,9,2.25,1.50,2.37,1.32,3,1,0,1.41,1.48
30654,Brighton & Hove Albion,Wolverhampton Wanderers,Anthony Taylor,10,1.75,1.75,1.21,1.21,1,0,0,1.27,1.48
25071,Fulham,AFC Bournemouth,Andre Marriner,10,1.00,1.50,1.11,0.84,0,3,1,1.78,1.38
53373,Liverpool,Cardiff City,Stuart Attwell,10,2.50,0.25,2.79,0.74,4,1,0,1.69,1.16
30736,Southampton,Newcastle United,Chris Kavanagh,10,0.50,0.50,1.21,1.05,0,0,2,1.48,1.15
20457,Watford,Huddersfield Town,Mike Dean,10,1.80,0.50,1.42,0.37,3,0,0,1.34,1.04
31848,Leicester City,West Ham United,Michael Oliver,10,1.50,0.75,1.42,1.11,1,1,2,1.27,1.30
21430,Burnley,Chelsea,Craig Pawson,10,1.00,2.50,1.21,1.58,0,4,1,1.05,1.62
25718,Crystal Palace,Arsenal,Martin Atkinson,10,0.25,2.25,1.05,1.32,2,2,2,1.48,1.65
74525,Manchester United,Everton,Jonathan Moss,10,1.75,1.25,1.89,1.05,2,1,0,1.80,1.47
56854,Tottenham Hotspur,Manchester City,Kevin Friend,10,2.00,2.00,2.00,2.32,0,1,1,1.94,1.70
10792,AFC Bournemouth,Manchester United,Paul Tierney,11,2.20,1.40,1.53,1.58,1,2,1,1.39,1.36
30877,Cardiff City,Leicester City,Lee Probert,11,0.80,1.20,1.05,1.32,0,1,1,1.37,1.36
38966,Everton,Brighton & Hove Albion,David Coote,11,2.00,0.80,1.79,0.68,3,1,0,1.55,0.81
49157,Newcastle United,Watford,Craig Pawson,11,0.00,1.75,1.32,1.21,1,0,0,1.14,1.32
56862,West Ham United,Burnley,Roger East,11,0.80,0.80,1.63,0.89,4,2,0,1.24,0.98
59993,Arsenal,Liverpool,Andre Marriner,11,2.40,2.60,2.37,2.32,1,1,2,1.55,1.52
31185,Wolverhampton Wanderers,Tottenham Hotspur,Mike Dean,11,1.60,2.50,1.79,1.74,2,3,1,1.48,1.36
53916,Manchester City,Southampton,Lee Mason,11,3.00,0.80,2.84,0.84,6,1,0,2.61,1.24
40407,Chelsea,Crystal Palace,Michael Oliver,11,2.20,1.20,2.21,1.53,3,1,0,1.86,1.18
17082,Huddersfield Town,Fulham,Anthony Taylor,11,0.20,0.20,0.47,0.26,1,0,0,1.10,1.03
29402,Cardiff City,Brighton & Hove Albion,Martin Atkinson,12,0.67,0.67,1.05,0.68,2,1,0,1.36,0.80
24069,Huddersfield Town,West Ham United,Chris Kavanagh,12,0.67,0.80,0.47,1.11,1,1,2,1.13,1.27
32184,Leicester City,Burnley,Mike Dean,12,1.40,0.67,1.42,0.89,0,0,2,1.52,0.94
49266,Newcastle United,AFC Bournemouth,Lee Probert,12,0.50,1.80,1.32,0.84,2,1,0,1.11,1.44
28153,Southampton,Watford,Simon Hooper,12,0.60,1.40,1.21,1.21,1,1,2,1.57,1.32
25685,Crystal Palace,Tottenham Hotspur,Jonathan Moss,12,0.40,2.57,1.05,1.74,0,1,1,1.51,1.39
53128,Liverpool,Fulham,Paul Tierney,12,2.60,0.17,2.79,0.26,2,0,0,1.77,0.96
40345,Chelsea,Everton,Kevin Friend,12,2.33,1.00,2.21,1.05,0,0,2,1.85,1.51
60030,Arsenal,Wolverhampton Wanderers,Stuart Attwell,12,2.17,1.40,2.37,1.21,1,1,2,1.54,1.62
54316,Manchester City,Manchester United,Anthony Taylor,12,3.00,1.67,2.84,1.58,3,1,0,2.52,1.46
30553,Brighton & Hove Albion,Leicester City,Chris Kavanagh,13,2.00,1.50,1.21,1.32,1,1,2,1.18,1.38
39139,Everton,Cardiff City,Paul Tierney,13,2.17,0.20,1.79,0.74,1,0,0,1.57,1.03
24603,Fulham,Southampton,Michael Oliver,13,0.80,0.67,1.11,0.84,3,2,0,1.65,1.30
74516,Manchester United,Crystal Palace,Lee Mason,13,2.00,1.00,1.89,1.53,0,0,2,1.83,1.11
20540,Watford,Liverpool,Jonathan Moss,13,2.00,2.33,1.42,2.32,0,3,1,1.40,1.48
56886,West Ham United,Manchester City,Andre Marriner,13,1.17,2.20,1.63,2.32,0,4,1,1.43,1.66
55465,Tottenham Hotspur,Chelsea,Martin Atkinson,13,1.50,2.60,2.00,1.58,3,1,0,1.64,1.71
10792,AFC Bournemouth,Arsenal,Craig Pawson,13,1.83,2.00,1.53,1.32,1,2,1,1.43,1.50
30130,Wolverhampton Wanderers,Huddersfield Town,Kevin Friend,13,1.33,0.40,1.79,0.37,0,2,1,1.53,1.15
20628,Burnley,Newcastle United,Anthony Taylor,13,0.80,0.60,1.21,1.05,1,2,1,1.01,1.05
30213,Cardiff City,Wolverhampton Wanderers,Andre Marriner,14,1.00,1.33,1.05,1.21,2,1,0,1.43,1.58
25098,Crystal Palace,Burnley,Lee Probert,14,0.33,0.71,1.05,0.89,2,0,0,1.51,0.91
22973,Huddersfield Town,Brighton & Hove Albion,Michael Oliver,14,0.71,0.57,0.47,0.68,1,2,1,1.23,0.80
31353,Leicester City,Watford,Graham Scott,14,1.33,1.33,1.42,1.21,2,0,0,1.59,1.35
54409,Manchester City,AFC Bournemouth,Stuart Attwell,14,3.00,1.50,2.84,0.84,3,1,0,2.40,1.43
51853,Newcastle United,West Ham United,Paul Tierney,14,0.86,0.83,1.32,1.11,0,3,1,1.20,1.30
30187,Southampton,Manchester United,Kevin Friend,14,0.67,1.43,1.21,1.58,2,2,2,1.54,1.34
40551,Chelsea,Fulham,Craig Pawson,14,2.14,0.14,2.21,0.26,2,0,0,1.80,0.97
59973,Arsenal,Tottenham Hotspur,Mike Dean,14,2.00,2.63,2.37,1.74,4,2,0,1.52,1.37
51756,Liverpool,Everton,Chris Kavanagh,14,2.67,1.00,2.79,1.05,1,0,0,1.80,1.36
9980,AFC Bournemouth,Huddersfield Town,Roger East,15,1.57,0.83,1.53,0.37,2,1,0,1.40,1.21
29663,Brighton & Hove Albion,Crystal Palace,Kevin Friend,15,1.83,1.00,1.21,1.53,3,1,0,1.23,1.12
56811,West Ham United,Cardiff City,Graham Scott,15,1.00,0.17,1.63,0.74,3,1,0,1.36,0.99
20389,Watford,Manchester City,Paul Tierney,15,1.71,2.33,1.42,2.32,1,2,1,1.31,1.62
21741,Burnley,Liverpool,Stuart Attwell,15,0.67,2.43,1.21,2.32,1,3,1,1.09,1.50
22881,Fulham,Leicester City,David Coote,15,1.17,1.43,1.11,1.32,1,1,2,1.59,1.34
31300,Wolverhampton Wanderers,Chelsea,Jonathan Moss,15,1.14,2.17,1.79,1.58,2,1,0,1.48,1.61
39350,Everton,Newcastle United,Lee Mason,15,2.29,1.00,1.79,1.05,1,1,2,1.63,1.09
74507,Manchester United,Arsenal,Andre Marriner,15,1.83,2.17,1.89,1.32,2,2,2,1.79,1.56
33012,Tottenham Hotspur,Southampton,Anthony Taylor,15,1.80,0.57,2.00,0.84,3,1,0,1.72,1.41
10752,AFC Bournemouth,Liverpool,Lee Mason,16,1.75,2.50,1.53,2.32,0,4,1,1.34,1.59
59893,Arsenal,Huddersfield Town,Paul Tierney,16,2.13,0.71,2.37,0.37,1,0,0,1.60,1.37
18497,Burnley,Brighton & Hove Albion,Martin Atkinson,16,0.57,0.88,1.21,0.68,1,0,0,1.14,0.89
30067,Cardiff City,Southampton,Jonathan Moss,16,1.25,0.50,1.05,0.84,1,0,0,1.43,1.46
74523,Manchester United,Fulham,Lee Probert,16,1.71,0.13,1.89,0.26,4,1,0,1.73,1.00
56995,West Ham United,Crystal Palace,Anthony Taylor,16,1.25,0.88,1.63,1.53,3,2,0,1.45,1.22
40571,Chelsea,Manchester City,Michael Oliver,16,2.25,2.43,2.21,2.32,2,0,0,1.80,1.67
31957,Leicester City,Tottenham Hotspur,Craig Pawson,16,1.57,2.33,1.42,1.74,0,2,1,1.50,1.37
50223,Newcastle United,Wolverhampton Wanderers,Mike Dean,16,0.75,1.14,1.32,1.21,1,2,1,1.25,1.59
38400,Everton,Watford,Kevin Friend,16,2.13,1.14,1.79,1.21,2,2,2,1.65,1.30
54173,Manchester City,Everton,Craig Pawson,17,3.00,0.86,2.84,1.05,3,1,0,2.32,1.32
24738,Crystal Palace,Leicester City,Michael Oliver,17,0.71,1.38,1.05,1.32,1,0,0,1.67,1.36
24036,Huddersfield Town,Newcastle United,Anthony Taylor,17,0.63,1.00,0.47,1.05,0,1,1,1.19,1.10
41645,Tottenham Hotspur,Burnley,Graham Scott,17,2.00,0.63,2.00,0.89,1,0,0,1.71,0.87
20032,Watford,Cardiff City,Andy Madley,17,1.50,0.14,1.42,0.74,3,2,0,1.33,1.02
30997,Wolverhampton Wanderers,AFC Bournemouth,Simon Hooper,17,1.38,1.29,1.79,0.84,2,0,0,1.40,1.32
24081,Fulham,West Ham United,Mike Dean,17,1.14,1.14,1.11,1.11,0,2,1,1.67,1.27
30645,Brighton & Hove Albion,Chelsea,Stuart Attwell,17,2.00,1.86,1.21,1.58,1,2,1,1.19,1.60
29497,Southampton,Arsenal,Chris Kavanagh,17,0.71,2.00,1.21,1.32,3,2,0,1.56,1.50
52908,Liverpool,Manchester United,Martin Atkinson,17,2.71,1.38,2.79,1.58,3,1,0,1.78,1.34
31358,Wolverhampton Wanderers,Liverpool,Craig Pawson,18,1.56,2.56,1.79,2.32,0,2,1,1.37,1.56
59493,Arsenal,Burnley,Kevin Friend,18,2.22,0.56,2.37,0.89,3,1,0,1.57,0.82
10491,AFC Bournemouth,Brighton & Hove Albion,Mike Dean,18,1.56,0.78,1.53,0.68,2,0,0,1.29,0.94
40558,Chelsea,Leicester City,Lee Probert,18,2.33,1.22,2.21,1.32,0,1,1,1.71,1.35
22394,Huddersfield Town,Southampton,Stuart Attwell,18,0.56,0.44,0.47,0.84,1,3,1,1.27,1.41
54340,Manchester City,Crystal Palace,Andre Marriner,18,3.00,0.78,2.84,1.53,2,3,1,2.23,1.22
51237,Newcastle United,Fulham,Martin Atkinson,18,0.67,0.11,1.32,0.26,0,0,2,1.26,1.03
56833,West Ham United,Watford,Lee Mason,18,1.44,1.13,1.63,1.21,0,2,1,1.48,1.31
33028,Cardiff City,Manchester United,Michael Oliver,18,1.44,1.22,1.05,1.58,1,5,1,1.45,1.28
39319,Everton,Tottenham Hotspur,Paul Tierney,18,2.00,2.40,1.79,1.74,2,6,1,1.63,1.33
24382,Fulham,Wolverhampton Wanderers,Andre Marriner,19,1.00,1.38,1.11,1.21,1,1,2,1.67,1.59
21484,Burnley,Everton,Michael Oliver,19,0.88,0.75,1.21,1.05,1,5,1,1.14,1.27
25206,Crystal Palace,Cardiff City,Lee Probert,19,1.00,0.13,1.05,0.74,0,0,2,1.57,1.02
32090,Leicester City,Manchester City,Mike Dean,19,1.38,2.13,1.42,2.32,2,1,0,1.48,1.66
53318,Liverpool,Newcastle United,Graham Scott,19,2.75,1.25,2.79,1.05,4,0,0,1.93,1.10
74523,Manchester United,Huddersfield Town,Jonathan Moss,19,1.88,0.63,1.89,0.37,3,1,0,1.82,1.28
45154,Tottenham Hotspur,AFC Bournemouth,Chris Kavanagh,19,2.14,1.13,2.00,0.84,5,0,0,1.68,1.33
30608,Brighton & Hove Albion,Arsenal,Anthony Taylor,19,1.75,1.75,1.21,1.32,1,1,2,1.15,1.48
20415,Watford,Chelsea,Martin Atkinson,19,1.67,2.00,1.42,1.58,1,2,1,1.40,1.55
31654,Southampton,West Ham United,Craig Pawson,19,1.00,1.38,1.21,1.11,1,2,1,1.53,1.23
30597,Brighton & Hove Albion,Everton,Andy Madley,20,1.67,1.00,1.21,1.05,1,0,0,1.18,1.29
24423,Fulham,Huddersfield Town,Kevin Friend,20,1.00,0.56,1.11,0.37,1,0,0,1.63,1.26
32047,Leicester City,Cardiff City,Simon Hooper,20,1.56,0.22,1.42,0.74,0,1,1,1.45,1.04
46356,Tottenham Hotspur,Wolverhampton Wanderers,Stuart Attwell,20,2.25,1.33,2.00,1.21,1,3,1,1.65,1.61
20336,Watford,Newcastle United,Roger East,20,1.50,1.11,1.42,1.05,1,1,2,1.38,1.07
53326,Liverpool,Arsenal,Michael Oliver,20,2.78,1.67,2.79,1.32,5,1,0,1.94,1.44
25781,Crystal Palace,Chelsea,Craig Pawson,20,1.00,2.11,1.05,1.58,0,1,1,1.64,1.54
20933,Burnley,West Ham United,David Coote,20,0.78,1.56,1.21,1.11,2,0,0,1.18,1.27
31381,Southampton,Manchester City,Paul Tierney,20,0.89,1.89,1.21,2.32,1,3,1,1.50,1.66
74556,Manchester United,AFC Bournemouth,Lee Mason,20,2.00,1.00,1.89,0.84,4,1,0,1.83,1.34
39052,Everton,Leicester City,Martin Atkinson,21,1.80,1.40,1.79,1.32,0,1,1,1.60,1.32
59887,Arsenal,Fulham,Graham Scott,21,2.30,0.20,2.37,0.26,4,1,0,1.54,0.99
32485,Cardiff City,Tottenham Hotspur,Kevin Friend,21,1.30,2.45,1.05,1.74,0,3,1,1.42,1.38
40668,Chelsea,Southampton,Jonathan Moss,21,2.10,0.70,2.21,0.84,0,0,2,1.74,1.42
23715,Huddersfield Town,Burnley,Mike Dean,21,0.50,0.50,0.47,0.89,1,2,1,1.29,0.83
59870,West Ham United,Brighton & Hove Albion,Chris Kavanagh,21,1.30,0.70,1.63,0.68,2,2,2,1.52,0.98
30666,Wolverhampton Wanderers,Crystal Palace,Roger East,21,1.40,1.00,1.79,1.53,0,2,1,1.36,1.18
10261,AFC Bournemouth,Watford,David Coote,21,1.70,1.33,1.53,1.21,3,3,2,1.30,1.30
52217,Newcastle United,Manchester United,Andre Marriner,21,0.70,1.40,1.32,1.58,0,2,1,1.22,1.34
54511,Manchester City,Liverpool,Anthony Taylor,21,2.70,2.60,2.84,2.32,2,1,0,2.23,1.57
59946,West Ham United,Arsenal,Jonathan Moss,22,1.27,1.50,1.63,1.32,1,0,0,1.53,1.39
30862,Brighton & Hove Albion,Liverpool,Kevin Friend,22,1.80,2.36,1.21,2.32,0,1,1,1.17,1.54
19316,Burnley,Fulham,Martin Atkinson,22,1.00,0.18,1.21,0.26,2,1,0,1.24,1.01
30725,Cardiff City,Huddersfield Town,Lee Mason,22,1.18,0.50,1.05,0.37,0,0,2,1.37,1.25
25010,Crystal Palace,Watford,Paul Tierney,22,0.90,1.30,1.05,1.21,1,2,1,1.52,1.29
31491,Leicester City,Southampton,Michael Oliver,22,1.40,0.73,1.42,0.84,1,2,1,1.47,1.38
40491,Chelsea,Newcastle United,Chris Kavanagh,22,2.00,1.10,2.21,1.05,2,1,0,1.73,1.06
38113,Everton,AFC Bournemouth,Anthony Taylor,22,1.64,0.90,1.79,0.84,2,0,0,1.59,1.30
80062,Tottenham Hotspur,Manchester United,Mike Dean,22,2.00,1.55,2.00,1.58,0,1,1,1.60,1.38
54171,Manchester City,Wolverhampton Wanderers,Craig Pawson,22,2.73,1.50,2.84,1.21,3,0,0,2.15,1.58
31278,Wolverhampton Wanderers,Leicester City,Chris Kavanagh,23,1.27,1.55,1.79,1.32,4,3,0,1.32,1.31
10495,AFC Bournemouth,West Ham United,Simon Hooper,23,1.64,1.40,1.53,1.11,2,0,0,1.41,1.26
53171,Liverpool,Crystal Palace,Jonathan Moss,23,2.80,1.18,2.79,1.53,4,3,0,1.94,1.21
74532,Manchester United,Brighton & Hove Albion,Paul Tierney,23,2.10,0.73,1.89,0.68,2,1,0,1.81,1.02
49864,Newcastle United,Cardiff City,Stuart Attwell,23,0.64,0.50,1.32,0.74,3,0,0,1.23,1.06
29989,Southampton,Everton,Graham Scott,23,0.80,0.90,1.21,1.05,2,1,0,1.44,1.31
19510,Watford,Burnley,Michael Oliver,23,1.45,0.73,1.42,0.89,0,0,2,1.39,0.94
59979,Arsenal,Chelsea,Anthony Taylor,23,2.36,2.20,2.37,1.58,2,0,0,1.59,1.54
24190,Huddersfield Town,Manchester City,Andre Marriner,23,0.45,2.00,0.47,2.32,0,3,1,1.25,1.67
24807,Fulham,Tottenham Hotspur,Craig Pawson,23,1.20,2.50,1.11,1.74,1,2,1,1.63,1.37
59933,Arsenal,Cardiff City,Mike Dean,24,2.42,0.45,2.37,0.74,2,1,0,1.60,1.05
22008,Fulham,Brighton & Hove Albion,Lee Probert,24,1.09,0.67,1.11,0.68,4,2,0,1.59,1.02
23699,Huddersfield Town,Everton,Stuart Attwell,24,0.42,0.82,0.47,1.05,0,1,1,1.22,1.27
31122,Wolverhampton Wanderers,West Ham United,David Coote,24,1.42,1.27,1.79,1.11,3,0,0,1.34,1.25
74529,Manchester United,Burnley,Jonathan Moss,24,2.18,0.75,1.89,0.89,2,2,2,1.80,0.98
50861,Newcastle United,Manchester City,Paul Tierney,24,0.83,2.09,1.32,2.32,2,1,0,1.26,1.64
10227,AFC Bournemouth,Chelsea,Roger East,24,1.75,2.00,1.53,1.58,4,0,0,1.41,1.54
28339,Southampton,Crystal Palace,Andre Marriner,24,1.00,1.08,1.21,1.53,1,1,2,1.42,1.18
53092,Liverpool,Leicester City,Martin Atkinson,24,2.82,1.42,2.79,1.32,1,1,2,1.99,1.35
29164,Tottenham Hotspur,Watford,Graham Scott,24,1.80,1.45,2.00,1.21,2,1,0,1.68,1.30
41219,Tottenham Hotspur,Newcastle United,Andre Marriner,25,1.91,1.00,2.00,1.05,1,0,0,1.67,1.06
30414,Brighton & Hove Albion,Watford,Simon Hooper,25,1.64,1.33,1.21,1.21,0,0,2,1.12,1.26
19787,Burnley,Southampton,Anthony Taylor,25,1.18,0.92,1.21,0.84,1,1,2,1.20,1.34
40626,Chelsea,Huddersfield Town,Paul Tierney,25,2.08,0.55,2.21,0.37,5,0,0,1.71,1.23
25355,Crystal Palace,Fulham,Michael Oliver,25,0.82,0.17,1.05,0.26,2,0,0,1.56,1.04
39380,Everton,Wolverhampton Wanderers,Lee Mason,25,1.75,1.36,1.79,1.21,1,3,1,1.57,1.45
31939,Cardiff City,AFC Bournemouth,Jonathan Moss,25,1.17,0.82,1.05,0.84,2,0,0,1.28,1.37
32148,Leicester City,Manchester United,Mike Dean,25,1.27,1.67,1.42,1.58,0,1,1,1.54,1.40
54483,Manchester City,Arsenal,Martin Atkinson,25,2.75,1.36,2.84,1.32,3,1,0,2.19,1.37
59903,West Ham United,Liverpool,Kevin Friend,25,1.42,2.42,1.63,2.32,1,1,2,1.52,1.52
39322,Everton,Manchester City,Craig Pawson,27,1.62,1.92,1.79,2.32,0,2,1,1.54,1.62
25001,Fulham,Manchester United,Paul Tierney,26,1.25,1.77,1.11,1.58,0,3,1,1.65,1.40
25552,Crystal Palace,West Ham United,Craig Pawson,26,1.00,1.17,1.05,1.11,1,1,2,1.56,1.19
24182,Huddersfield Town,Arsenal,Jonathan Moss,26,0.38,1.25,0.47,1.32,1,2,1,1.22,1.30
53178,Liverpool,AFC Bournemouth,Anthony Taylor,26,2.67,0.75,2.79,0.84,3,0,0,1.95,1.35
31438,Southampton,Cardiff City,Martin Atkinson,26,1.00,0.42,1.21,0.74,1,2,1,1.43,1.07
20333,Watford,Everton,Lee Probert,26,1.42,1.00,1.42,1.05,1,0,0,1.37,1.27
29323,Brighton & Hove Albion,Burnley,Stuart Attwell,26,1.58,0.77,1.21,0.89,1,3,1,1.20,0.97
44154,Tottenham Hotspur,Leicester City,Michael Oliver,26,2.00,1.38,2.00,1.32,3,1,0,1.68,1.31
54452,Manchester City,Chelsea,Mike Dean,26,2.77,1.83,2.84,1.58,6,0,0,2.21,1.57
30687,Wolverhampton Wanderers,Newcastle United,Graham Scott,26,1.54,0.92,1.79,1.05,1,1,2,1.39,1.03
30387,Cardiff City,Watford,Simon Hooper,27,1.31,1.31,1.05,1.21,1,5,1,1.27,1.21
59950,West Ham United,Fulham,Lee Mason,27,1.38,0.15,1.63,0.26,3,1,0,1.49,1.03
21338,Burnley,Tottenham Hotspur,Mike Dean,27,1.17,2.54,1.21,1.74,2,1,0,1.24,1.41
10671,AFC Bournemouth,Wolverhampton Wanderers,Roger East,27,1.85,1.50,1.53,1.21,1,1,2,1.41,1.42
52174,Newcastle United,Huddersfield Town,Kevin Friend,27,1.00,0.50,1.32,0.37,2,0,0,1.22,1.19
31778,Leicester City,Crystal Palace,Anthony Taylor,27,1.17,1.08,1.42,1.53,1,4,1,1.57,1.20
59877,Arsenal,Southampton,Graham Scott,27,2.46,0.92,2.37,0.84,2,0,0,1.59,1.32
74519,Manchester United,Liverpool,Michael Oliver,27,2.08,2.31,1.89,2.32,0,0,2,1.88,1.52
31849,Cardiff City,Everton,Kevin Friend,28,1.21,0.92,1.05,1.05,0,3,1,1.29,1.27
22714,Huddersfield Town,Wolverhampton Wanderers,David Coote,28,0.36,1.46,0.47,1.21,1,0,0,1.27,1.39
30558,Leicester City,Brighton & Hove Albion,Lee Probert,28,1.08,0.62,1.42,0.68,2,1,0,1.61,1.06
48323,Newcastle United,Burnley,Craig Pawson,28,1.14,0.93,1.32,0.89,2,0,0,1.35,0.98
59618,Arsenal,AFC Bournemouth,Chris Kavanagh,28,2.50,0.69,2.37,0.84,5,1,0,1.58,1.33
27597,Southampton,Fulham,Anthony Taylor,28,0.92,0.14,1.21,0.26,2,0,0,1.46,1.04
25754,Crystal Palace,Manchester United,Martin Atkinson,28,1.00,1.86,1.05,1.58,1,3,1,1.59,1.43
40542,Chelsea,Tottenham Hotspur,Andre Marriner,28,2.15,2.36,2.21,1.74,2,0,0,1.74,1.43
53316,Liverpool,Watford,Graham Scott,28,2.69,1.43,2.79,1.21,5,0,0,1.98,1.24
53528,Manchester City,West Ham United,Stuart Attwell,28,2.79,1.15,2.84,1.11,1,0,0,2.19,1.18
81332,Tottenham Hotspur,Arsenal,Anthony Taylor,29,2.08,1.38,2.00,1.32,1,1,2,1.65,1.29
10699,AFC Bournemouth,Manchester City,Kevin Friend,29,1.79,2.00,1.53,2.32,0,1,1,1.40,1.61
30182,Brighton & Hove Albion,Huddersfield Town,Mike Dean,29,1.46,0.46,1.21,0.37,1,0,0,1.25,1.13
19223,Burnley,Crystal Palace,Lee Probert,29,1.31,1.21,1.21,1.53,1,3,1,1.24,1.20
74459,Manchester United,Southampton,Stuart Attwell,29,2.00,0.86,1.89,0.84,3,2,0,1.79,1.32
31309,Wolverhampton Wanderers,Cardiff City,Andre Marriner,29,1.50,0.62,1.79,0.74,2,0,0,1.43,1.07
59910,West Ham United,Newcastle United,Chris Kavanagh,29,1.50,0.92,1.63,1.05,2,0,0,1.53,1.02
20062,Watford,Leicester City,Jonathan Moss,29,1.54,1.29,1.42,1.32,2,1,0,1.34,1.38
24900,Fulham,Chelsea,Graham Scott,29,1.15,1.69,1.11,1.58,1,2,1,1.64,1.54
39335,Everton,Liverpool,Martin Atkinson,29,1.50,2.21,1.79,2.32,0,0,2,1.49,1.49
24972,Crystal Palace,Brighton & Hove Albion,Craig Pawson,30,0.93,0.57,1.05,0.68,1,2,1,1.58,1.10
32458,Cardiff City,West Ham United,Graham Scott,30,1.13,1.07,1.05,1.11,2,0,0,1.26,1.13
22304,Huddersfield Town,AFC Bournemouth,Anthony Taylor,30,0.53,0.64,0.47,0.84,0,2,1,1.28,1.32
32017,Leicester City,Fulham,David Coote,30,1.21,0.13,1.42,0.26,3,1,0,1.59,1.05
52242,Newcastle United,Everton,Lee Mason,30,1.27,1.07,1.32,1.05,3,2,0,1.35,1.28
31890,Southampton,Tottenham Hotspur,Kevin Friend,30,1.07,2.20,1.21,1.74,2,1,0,1.46,1.39
54104,Manchester City,Watford,Paul Tierney,30,2.80,1.33,2.84,1.21,3,1,0,2.21,1.21
53310,Liverpool,Burnley,Andre Marriner,30,2.71,0.87,2.79,0.89,4,2,0,2.00,1.00
40692,Chelsea,Wolverhampton Wanderers,Michael Oliver,30,2.21,1.36,2.21,1.21,1,1,2,1.69,1.35
60000,Arsenal,Manchester United,Jonathan Moss,30,2.53,1.93,2.37,1.58,2,0,0,1.59,1.42
10625,AFC Bournemouth,Newcastle United,Mike Dean,31,1.67,0.86,1.53,1.05,2,2,2,1.32,1.02
20719,Burnley,Leicester City,Michael Oliver,31,1.21,1.20,1.21,1.32,1,2,1,1.29,1.37
59931,West Ham United,Huddersfield Town,Jonathan Moss,31,1.60,0.43,1.63,0.37,4,3,0,1.51,1.11
25043,Fulham,Liverpool,Craig Pawson,31,1.07,2.13,1.11,2.32,1,2,1,1.62,1.46
39356,Everton,Chelsea,Anthony Taylor,31,1.47,1.79,1.79,1.58,2,0,0,1.47,1.56
25001,Fulham,Manchester City,Kevin Friend,32,1.00,2.07,1.11,2.32,0,2,1,1.56,1.66
30636,Brighton & Hove Albion,Southampton,Michael Oliver,32,1.57,0.80,1.21,0.84,0,1,1,1.27,1.31
20990,Burnley,Wolverhampton Wanderers,Chris Kavanagh,32,1.13,1.33,1.21,1.21,2,0,0,1.29,1.29
25193,Crystal Palace,Huddersfield Town,Lee Probert,32,0.87,0.40,1.05,0.37,2,0,0,1.57,1.13
31530,Leicester City,AFC Bournemouth,Lee Mason,32,1.33,0.80,1.42,0.84,2,0,0,1.63,1.32
74543,Manchester United,Watford,Stuart Attwell,32,2.07,1.25,1.89,1.21,2,1,0,1.80,1.16
59988,West Ham United,Everton,Paul Tierney,32,1.69,1.00,1.63,1.05,0,2,1,1.51,1.26
32657,Cardiff City,Chelsea,Craig Pawson,32,1.25,1.67,1.05,1.58,1,2,1,1.29,1.57
53322,Liverpool,Tottenham Hotspur,Martin Atkinson,32,2.73,2.06,2.79,1.74,2,1,0,2.00,1.41
59869,Arsenal,Newcastle United,Anthony Taylor,32,2.56,0.87,2.37,1.05,2,0,0,1.58,1.04
17301,Watford,Fulham,Roger East,33,1.64,0.13,1.42,0.26,4,1,0,1.32,1.03
31302,Wolverhampton Wanderers,Manchester United,Mike Dean,33,1.60,1.81,1.79,1.58,2,1,0,1.43,1.43
38593,Chelsea,Brighton & Hove Albion,Graham Scott,27,2.13,0.73,2.21,0.68,3,0,0,1.71,1.08
59215,Tottenham Hotspur,Crystal Palace,Andre Marriner,31,2.00,1.33,2.00,1.53,2,0,0,1.62,1.20
53559,Manchester City,Cardiff City,Jonathan Moss,33,2.81,0.57,2.84,0.74,2,0,0,2.23,1.10
31797,Southampton,Liverpool,Paul Tierney,33,1.20,2.19,1.21,2.32,1,3,1,1.45,1.50
10446,AFC Bournemouth,Burnley,Martin Atkinson,33,1.63,0.81,1.53,0.89,1,3,1,1.32,0.98
24126,Huddersfield Town,Leicester City,David Coote,33,0.50,1.31,0.47,1.32,1,4,1,1.26,1.34
51926,Newcastle United,Crystal Palace,Stuart Attwell,33,1.38,1.25,1.32,1.53,0,1,1,1.38,1.17
39400,Everton,Arsenal,Kevin Friend,33,1.56,1.36,1.79,1.32,1,0,0,1.48,1.27
40537,Chelsea,West Ham United,Chris Kavanagh,33,2.19,1.00,2.21,1.11,2,0,0,1.72,1.13
32108,Leicester City,Newcastle United,Chris Kavanagh,34,1.44,0.81,1.42,1.05,0,1,1,1.63,1.01
58308,Tottenham Hotspur,Huddersfield Town,Lee Mason,34,2.07,0.38,2.00,0.37,4,0,0,1.70,1.16
30460,Brighton & Hove Albion,AFC Bournemouth,Kevin Friend,34,1.47,0.75,1.21,0.84,0,5,1,1.26,1.30
21480,Burnley,Cardiff City,Mike Dean,34,1.25,0.53,1.21,0.74,2,0,0,1.25,1.06
24971,Fulham,Everton,Lee Probert,34,0.94,1.13,1.11,1.05,2,0,0,1.49,1.31
31708,Southampton,Wolverhampton Wanderers,Jonathan Moss,34,1.13,1.25,1.21,1.21,3,1,0,1.42,1.26
74478,Manchester United,West Ham United,Graham Scott,34,2.13,0.94,1.89,1.11,2,1,0,1.76,1.12
25721,Crystal Palace,Manchester City,Martin Atkinson,34,1.00,2.13,1.05,2.32,1,3,1,1.57,1.69
53279,Liverpool,Chelsea,Michael Oliver,34,2.75,1.75,2.79,1.58,2,0,0,1.96,1.56
20480,Watford,Arsenal,Craig Pawson,34,1.73,1.27,1.42,1.32,0,1,1,1.34,1.25
30226,Brighton & Hove Albion,Cardiff City,Andre Marriner,31,1.38,0.50,1.21,0.74,0,2,1,1.24,1.07
54489,Manchester City,Tottenham Hotspur,Michael Oliver,35,2.82,1.94,2.84,1.74,1,0,0,2.28,1.40
10511,AFC Bournemouth,Fulham,David Coote,35,1.53,0.12,1.53,0.26,0,1,1,1.30,1.07
23957,Huddersfield Town,Watford,Roger East,35,0.47,1.18,0.47,1.21,1,2,1,1.25,1.22
59960,West Ham United,Leicester City,Lee Probert,35,1.59,1.41,1.63,1.32,2,2,2,1.47,1.38
31096,Wolverhampton Wanderers,Brighton & Hove Albion,Craig Pawson,35,1.69,0.69,1.79,0.68,0,0,2,1.40,1.05
52191,Newcastle United,Southampton,Anthony Taylor,35,1.29,0.94,1.32,0.84,3,1,0,1.41,1.29
39395,Everton,Manchester United,Paul Tierney,35,1.65,1.71,1.79,1.58,4,0,0,1.51,1.43
59929,Arsenal,Crystal Palace,Jonathan Moss,35,2.59,1.35,2.37,1.53,2,3,1,1.55,1.14
33082,Cardiff City,Liverpool,Martin Atkinson,35,1.18,2.24,1.05,2.32,0,2,1,1.28,1.51
40642,Chelsea,Burnley,Kevin Friend,35,2.24,0.94,2.21,0.89,2,2,2,1.73,1.00
19170,Watford,Southampton,Mike Dean,31,1.63,0.88,1.42,0.84,1,1,2,1.32,1.29
56251,Tottenham Hotspur,Brighton & Hove Albion,Chris Kavanagh,33,2.13,0.71,2.00,0.68,1,0,0,1.70,1.02
31436,Wolverhampton Wanderers,Arsenal,Stuart Attwell,31,1.65,1.38,1.79,1.32,3,1,0,1.46,1.28
74431,Manchester United,Manchester City,Andre Marriner,31,2.19,2.19,1.89,2.32,0,2,1,1.74,1.71
53249,Liverpool,Huddersfield Town,Kevin Friend,36,2.76,0.35,2.79,0.37,5,0,0,1.95,1.14
60043,Tottenham Hotspur,West Ham United,Anthony Taylor,36,2.18,0.88,2.00,1.11,0,1,1,1.73,1.14
25789,Crystal Palace,Everton,Lee Mason,36,0.94,1.06,1.05,1.05,0,0,2,1.53,1.30
23822,Fulham,Cardiff City,Chris Kavanagh,36,1.06,0.65,1.11,0.74,1,0,0,1.49,1.06
31310,Southampton,AFC Bournemouth,Graham Scott,36,1.24,0.88,1.21,0.84,3,3,2,1.42,1.31
20323,Watford,Wolverhampton Wanderers,Simon Hooper,36,1.59,1.18,1.42,1.21,1,2,1,1.32,1.27
30587,Brighton & Hove Albion,Newcastle United,Mike Dean,36,1.29,0.94,1.21,1.05,1,1,2,1.25,1.02
32037,Leicester City,Arsenal,Michael Oliver,36,1.35,1.29,1.42,1.32,3,0,0,1.62,1.26
21605,Burnley,Manchester City,Paul Tierney,36,1.35,2.24,1.21,2.32,0,1,1,1.29,1.69
74526,Manchester United,Chelsea,Martin Atkinson,36,2.06,1.65,1.89,1.58,1,1,2,1.69,1.52
39303,Everton,Burnley,Chris Kavanagh,37,1.72,0.94,1.79,0.89,2,0,0,1.52,0.99
10630,AFC Bournemouth,Tottenham Hotspur,Craig Pawson,37,1.44,1.83,1.53,1.74,1,0,0,1.31,1.38
59961,West Ham United,Southampton,Stuart Attwell,37,1.56,0.89,1.63,0.84,3,0,0,1.46,1.29
30456,Wolverhampton Wanderers,Fulham,Jonathan Moss,37,1.72,0.28,1.79,0.26,1,0,0,1.44,1.10
32133,Cardiff City,Crystal Palace,Michael Oliver,37,1.11,1.44,1.05,1.53,2,3,1,1.25,1.17
52206,Newcastle United,Liverpool,Andre Marriner,37,1.39,2.28,1.32,2.32,2,3,1,1.41,1.53
40650,Chelsea,Watford,Paul Tierney,37,2.17,1.28,2.21,1.21,3,0,0,1.79,1.23
24263,Huddersfield Town,Manchester United,Lee Mason,37,0.44,1.61,0.47,1.58,1,1,2,1.25,1.40
59965,Arsenal,Brighton & Hove Albion,Anthony Taylor,37,2.44,0.67,2.37,0.68,1,1,2,1.57,1.00
54506,Manchester City,Leicester City,Mike Dean,37,2.83,1.39,2.84,1.32,1,0,0,2.24,1.39
30662,Brighton & Hove Albion,Manchester City,Michael Oliver,38,1.28,2.28,1.21,2.32,1,4,1,1.25,1.70
21461,Burnley,Arsenal,Mike Dean,38,1.28,1.22,1.21,1.32,1,3,1,1.24,1.23
25433,Crystal Palace,AFC Bournemouth,Roger East,38,0.94,0.89,1.05,0.84,5,3,0,1.48,1.31
24979,Fulham,Newcastle United,Kevin Friend,38,1.17,0.94,1.11,1.05,0,4,1,1.47,1.00
32140,Leicester City,Chelsea,Anthony Taylor,38,1.44,1.61,1.42,1.58,0,0,2,1.68,1.52
53331,Liverpool,Wolverhampton Wanderers,Martin Atkinson,38,2.78,1.28,2.79,1.21,2,0,0,1.96,1.27
74457,Manchester United,Cardiff City,Jonathan Moss,38,2.00,0.61,1.89,0.74,0,2,1,1.67,1.10
30367,Southampton,Huddersfield Town,Lee Probert,38,1.22,0.33,1.21,0.37,1,1,2,1.46,1.11
60124,Tottenham Hotspur,Everton,Andre Marriner,38,2.06,1.06,2.00,1.05,2,2,2,1.71,1.32
20067,Watford,West Ham United,Chris Kavanagh,38,1.50,1.00,1.42,1.11,1,4,1,1.30,1.18